# Hand-curated for Spanish: chat abbreviations, laughter, internet words and
# loanwords as people type them — so autocorrect leaves them alone and suggests
# them. `word<TAB>count`; counts are moderate made-up frequencies on the scale of
# the subtitle counts (bueno ≈ 1 000 000). Only words the sources lack or
# undercount; a word already in the lexicon keeps the larger count.
q	5000
k	800
xq	1500
pq	1500
porq	400
tb	1500
tmb	1000
tbn	300
ok	8000
oki	800
okis	200
okay	2000
xd	1500
jaja	3000
jajaja	3000
jajajaja	1500
jajajajaja	500
jeje	1000
jejeje	500
jiji	400
jsjs	500
jsjsjs	300
lol	1500
wtf	300
omg	300
porfa	2000
porfis	300
xfa	300
pls	500
plis	500
finde	1500
findes	200
holi	400
holis	200
bss	200
besis	200
tqm	800
tkm	300
ntp	400
npi	300
nse	300
ns	500
dnd	200
msj	300
bn	300
grax	200
bye	1500
bro	1500
cool	2000
brother	400
wey	1000
guey	300
weón	300
weon	200
cachai	200
po	500
pucha	200
piba	200
chamaco	200
pendeja	300
chela	200
chelas	100
laburar	100
chill	300
emoji	1000
emojis	800
likear	300
like	2000
likes	800
selfies	300
influencer	800
influencers	600
youtuber	600
youtubers	400
streamer	400
streamers	200
streamear	200
streaming	500
wasap	500
wasapear	200
guasap	200
hashtags	200
app	1500
apps	800
link	1000
links	600
linkear	100
spoiler	500
spoilers	300
spoilear	200
stalkear	300
crush	500
random	500
cringe	500
hater	300
haters	300
fake	500
gym	800
posts	500
story	500
stories	400
mail	800
mails	300
gamer	400
gamers	300
gaming	300
podcast	600
podcasts	200
sticker	400
stickers	400
gif	400
gifs	200
bot	500
bots	300
tiktok	1000
tiktoker	200
tiktokers	100
googlear	200
mood	400
match	400
smartphone	300
smartphones	150
tablet	400
tablets	150
password	200
login	200
router	300
pendrive	300
feedback	200
startup	200
coach	400
fitness	300
freelance	200
vlog	200
compu	200
celu	300
depa	200
uni	400
mensajear	100
friqui	100
sip	1000
sep	300
hey	3000
