# Hand-curated German chat words: abbreviations, interjections, internet words
# and loanwords as people type them — so autocorrect leaves them alone and
# suggests them. `word<TAB>count`, lowercase (capitals come from proper.tsv).
# Counts are moderate made-up frequencies on the scale of the subtitle
# counts (de_full.txt: ich ≈ 5.9 M, Handy ≈ 15 k); a word also in the
# dictionary keeps the larger count, so this lifts words that the 2018
# subtitles underrate (emoji, streamen, vllt).
# chat abbreviations
lol	3000
rofl	300
omg	1500
wtf	800
btw	1000
bzw	1500
vllt	2000
vlt	800
evtl	1500
mfg	1000
lg	2000
vg	500
hdl	1000
hdgdl	300
kp	800
np	500
thx	800
sry	500
pls	800
plz	400
eig	500
eigtl	400
iwie	1000
iwo	500
iwann	300
iwas	500
ggf	800
usw	1500
etc	1000
zb	1000
dh	500
bspw	300
gg	300
gn	300
# interjections, answers
jo	3500
joa	500
jup	500
jep	800
nö	2500
nee	6634
oke	300
okey	300
xd	800
haha	3000
hahaha	1000
hehe	800
hihi	500
jaja	800
boah	800
ey	2500
hmm	3505
mhm	3717
achso	1500
yay	300
yeah	10043
yes	1500
yolo	200
# colloquial forms
nen	11732
nem	6491
ner	5901
grad	6853
nich	1093
nix	2747
tschö	300
tschüssi	300
moinsen	200
digga	800
digger	300
bro	1500
cringe	800
cringy	200
lost	613
sus	300
lit	200
nice	1500
chillig	500
chillen	1000
gechillt	400
abchillen	200
chill	300
fail	300
epic	200
random	400
# internet and phone words
emoji	1500
emojis	800
selfie	800
selfies	400
whatsapp	2000
insta	1000
instagram	800
tiktok	500
youtube	1500
netflix	1159
facebook	846
twitter	387
influencer	500
follower	500
hashtag	400
story	4583
stories	400
streamen	800
gestreamt	300
streamt	300
liken	500
gelikt	300
geliked	200
likes	400
posten	3176
gepostet	500
postet	300
googeln	500
gegoogelt	300
googelt	200
downloaden	300
chatten	500
gechattet	200
zocken	500
gezockt	200
zockt	200
podcast	300
wlan	800
pics	200
pic	200
gif	200
meme	300
memes	300
kita	500
abi	800
ok	147191
