# Hand-curated: chat slang, abbreviations and English loanwords as people type
# them — so autocorrect leaves them alone and suggests them. `word<TAB>count[<TAB>model]`:
# with a model (a dictionary word inflected the same way) tools/expand_slang.py adds every form.
го	3000
гоу	800
изи	1500
кек	800
лол	2000
рофл	1000
рофлан	300
кринж	1500	гараж
кринжово	500
кринжатина	200
чел	2000	студент
челик	500
крч	800
короч	1200
кст	1000
спс	2000
пасиб	500
пасиба	500
пж	1000
пжлст	500
плз	800
плиз	800
мб	1500
хз	1500
нзч	500
окей	3000
окэй	500
оке	500
кк	800
норм	2500
нормас	500
оч	1500
щас	2500
ща	1500
прив	1500
хай	800
бб	500
гг	800
нуб	500
нубас	300
тиммейт	500	студент
тиммейты	500
тиммейтов	300
скилл	800	парк
скил	500
скиллы	300
катка	800
катку	800
катки	500
донат	800	парк
донатить	300	говорить
стрим	1500	парк
стримы	800
стример	800	студент
стримить	300	говорить
чатик	500
дс	1000
дискорд	1000
дискорде	500
тс	800
тимспик	300
тимспике	300
тг	1000
телега	800
телеге	500
вк	1500
инст	500
инста	800
инсте	500
ютуб	1500
ютубе	800
тикток	1000
тиктоке	500
твич	800
твиче	500
гуглить	500	говорить
загуглить	500	говорить
погуглить	500	говорить
гугле	800
лайк	1500	парк
лайки	800
лайкать	500	играть
лайкнуть	500	махнуть
репост	800	парк
коммент	800	парк
комменты	800
комментах	500
хайп	800	парк
вайб	800	парк
вайбы	300
краш	800
фейк	800	парк
фейл	500
зашквар	500
трэш	500
хейт	500
хейтер	500	студент
хейтеры	500
хейтить	300	говорить
сорян	800
сори	1500
сорри	1500
пруф	500	парк
пруфы	500
юзать	800	играть
юзаю	500
юзер	800	студент
юзеры	500
чекнуть	800	махнуть
чекни	800
чекаю	300
апдейт	500
апнуть	300	махнуть
лаги	800
лагает	800
лагать	300
фризит	300
фриз	300
баг	1500	парк
баги	1500
багов	800
фича	800
фичи	800
фичу	500
релиз	800
коммит	500
коммиты	300
запушить	300	говорить
пушнуть	300	махнуть
деплой	500
задеплоить	300	говорить
дебаг	500
прога	800
проги	500
прогу	500
комп	1500
компа	800
компе	800
ноут	1500
ноута	500
ноуте	500
мобила	500
чилить	500	говорить
чиллить	300
флексить	300	говорить
рил	800
жиза	800
имба	800
нерф	300
ливнуть	300	махнуть
афк	500
лс	800
чс	500
кд	300
фпс	500
пинг	800
лобби	800
данж	300
скин	500
скины	500
lol	3000
lmao	1500
omg	3000
brb	500
idk	2000
imo	800
imho	500
btw	2000
tbh	1500
gg	1000
pls	1500
plz	1000
thx	1500
ty	1000
np	800
wtf	2000
afk	500
irl	800
dm	800
fyi	800
asap	1000
lmk	500
ngl	500
мск	1500
спб	1500
рф	2000
смс	1500
пк	1500
тв	800
зп	800
дз	800
чп	500
кмк	300
пнх	300
кайфовый	1500	новый
кайфовать	800	рисовать
кайфануть	500	махнуть
кайфово	1000
кринжовый	800	новый
имбовый	500	новый
имбалансный	300	опасный
хайповый	500	новый
зашкварный	300	новый
трешовый	300	новый
рофлить	800	говорить
рофлянский	200	детский
# Developer slang (count, model word for inflection).
воркфлоу	300
имплемент	200	парк
имплементить	500	говорить
заимплементить	200	говорить
луп	300	парк
ансейф	300
ансейфный	200	новый
инглиш	300
нон	200
коммитить	500	говорить
закоммитить	300	говорить
мержить	300	кружить
смержить	200	кружить
мерж	300	парк
деплоить	300	говорить
фиксить	300	носить
пофиксить	300	носить
фикс	300	парк
хотфикс	200	парк
пушить	300	кружить
ревью	300
ревьюить	200	говорить
аппрув	200	парк
аппрувнуть	200	махнуть
реквест	300	парк
пулреквест	200	парк
билд	300	парк
рефакторить	200	говорить
дебажить	300	кружить
кодить	500	водить
бэкенд	300	парк
фронтенд	300	парк
фулстек	200	парк
джун	300	студент
мидл	300	студент
тимлид	300	студент
таска	500	маска
тикет	300	парк
легаси	300
эндпоинт	200	парк
докер	300	парк
кубер	200	парк
инстанс	200	парк
воркер	200	парк
спринт	300	парк
эмодзи	600
эмоджи	200
сторис	400
скрин	700	парк
скринить	200	говорить
задонатить	200	заговорить
нейросеть	1500	сеть
нейронка	800	ручка
нейросетевой	400	сетевой
верифицироваться	150	регистрироваться
валидировать	100	регистрировать
валидироваться	40	регистрироваться
монетизировать	100	регистрировать
монетизироваться	40	регистрироваться
масштабироваться	80	регистрироваться
кастомизировать	80	регистрировать
залогиниться	200	поселиться
разлогиниться	80	поселиться
отрефакторить	80	отговорить
зашифроваться	40	образоваться
скачаться	60	сломаться
