# Hand-curated French: chat abbreviations, informal spellings, loanwords and
# brands that Grammalecte lacks — so autocorrect leaves them alone and
# suggests them. `word<TAB>count`, lowercase; counts are moderate made-up
# frequencies on the scale of the subtitle counts (ouais 241407, salut
# 160990, bisous 1762). Not here: accentless spellings (ca, etre, tres, meme)
# — the keyboard puts the accent back — and words written with the elided
# clitics (the keyboard splits «j'» off «j'sais»).
mdr	5000
mdrr	500
ptdr	2000
xptdr	300
stp	5000
svp	5000
bcp	3000
jsp	2000
jpp	800
tkt	2000
tqt	500
slt	2000
dsl	2000
pq	1000
pcq	800
ptn	800
osef	500
askip	800
jtm	1000
jtd	200
bjr	800
bsr	500
biz	800
bsx	200
jte	300
jvais	400
jsuis	500
chui	500
chuis	400
qqn	800
qqch	800
qqc	300
stv	300
ctb	200
vdm	300
rdv	2000
càd	300
dacc	500
tjrs	800
tjs	500
mtn	800
qd	500
vrmt	300
koi	300
kwa	200
fdp	300
ntm	200
wsh	500
wallah	300
srx	300
reuf	300
frr	300
bg	800
bb	800
bff	300
wtf	500
omg	500
lmao	200
ahah	800
ahahah	300
hihi	500
wow	3000
okay	20000
oki	500
nan	5000
ouaip	1800
ptit	500
ptite	300
y'a	3000
aprem	800
mcdo	1000
macdo	400
bla	2000
bam	1000
ducon	800
trouduc	300
chanmé	100
kiff	300
bogoss	200
beaugosse	200
papi	2400
crush	400
cringe	300
spoil	300
spoilé	200
swiper	200
emoji	1500
emojis	600
email	3000
emails	1500
googler	300
googlé	200
streamer	500
streamers	200
story	800
stories	500
insta	1000
snap	1000
snapper	200
snapchat	500
whatsapp	800
tiktok	800
iphone	800
ipad	500
messenger	300
twitch	300
facetime	300
visio	500
follower	300
followers	500
gif	300
gifs	200
app	500
apps	300
mp	500
dms	200
hotspot	200
crypto	300
cryptos	200
pass	800
fake	300
va-t'en	12000
# Words newer than the 2018 subtitles, which count them as rare.
covid	2000
coronavirus	500
confinement	1500
déconfinement	300
reconfinement	100
télétravail	500
antivax	100
youtubeur	300
youtubeurs	150
youtubeuse	150
influenceur	300
influenceurs	200
influenceuse	200
liker	300
liké	150
likes	300
instagram	1000
startup	200
airbnb	200
streaming	300
